Identificador do processo de viagem,Número da Proposta (PCDP),Meio de transporte,País - Origem ida,UF - Origem ida,Cidade - Origem ida,País - Destino ida,UF - Destino ida,Cidade - Destino ida,País - Origem volta,UF - Origem volta,Cidade - Origem volta,Pais - Destino volta,UF - Destino volta,Cidade - Destino volta,Valor da passagem,Taxa de serviço,Data da emissão/compra,Hora da emissão/compra
19177818,000001/24-1C,Aéreo,Brasil,Distrito Federal,Brasília,França,,Paris,Sem informação,Sem informação,Sem informação,Sem informação,Sem informação,Sem informação,"6871,34","6,60",19/09/2023,18:53
19177818,000001/24-1C,Aéreo,França,,Paris,Brasil,Distrito Federal,Brasília,Sem informação,Sem informação,Sem informação,Sem informação,Sem informação,Sem informação,"7,77","6,60",19/09/2023,18:53
19255612,000002/24,Aéreo,Alemanha,,Munique,Brasil,Rio de Janeiro,Rio de Janeiro,Sem informação,Sem informação,Sem informação,Sem informação,Sem informação,Sem informação,"4625,13","0,00",05/10/2023,17:40
19255728,000001/24,Aéreo,Alemanha,,Munique,Brasil,Rio de Janeiro,Rio de Janeiro,Sem informação,Sem informação,Sem informação,Sem informação,Sem informação,Sem informação,"4625,13","0,00",05/10/2023,17:34
19257123,000009/24,Aéreo,Paraguai,,Assunção,Brasil,Rio Grande do Norte,Natal,Sem informação,Sem informação,Sem informação,Sem informação,Sem informação,Sem informação,"1664,09","0,00",22/09/2023,16:34
19257179,000008/24,Aéreo,Paraguai,,Assunção,Brasil,Rio Grande do Norte,Natal,Sem informação,Sem informação,Sem informação,Sem informação,Sem informação,Sem informação,"1664,09","0,00",22/09/2023,16:38
19257229,000007/24,Aéreo,Paraguai,,Assunção,Brasil,Rio Grande do Norte,Natal,Sem informação,Sem informação,Sem informação,Sem informação,Sem informação,Sem informação,"1458,31","0,00",22/09/2023,16:46
19257401,000006/24,Aéreo,Paraguai,,Assunção,Brasil,Rio Grande do Norte,Natal,Sem informação,Sem informação,Sem informação,Sem informação,Sem informação,Sem informação,"1458,31","0,00",22/09/2023,16:43
19258057,000005/24,Aéreo,Chile,,Santiago,Brasil,Rio Grande do Sul,Porto Alegre,Sem informação,Sem informação,Sem informação,Sem informação,Sem informação,Sem informação,"3550,15","0,00",14/09/2023,17:58
19258191,000004/24,Aéreo,Chile,,Santiago,Brasil,Rio Grande do Sul,Porto Alegre,Sem informação,Sem informação,Sem informação,Sem informação,Sem informação,Sem informação,"3550,15","0,00",14/09/2023,18:03
19258289,000003/24,Aéreo,Chile,,Santiago,Brasil,Rio Grande do Sul,Porto Alegre,Sem informação,Sem informação,Sem informação,Sem informação,Sem informação,Sem informação,"3550,15","0,00",14/09/2023,18:06
19262909,000011/24,Aéreo,Estados Unidos da América,,Washington,Brasil,Minas Gerais,Belo Horizonte,Sem informação,Sem informação,Sem informação,Sem informação,Sem informação,Sem informação,"3729,59","0,00",20/09/2023,16:44
19262998,000010/24,Aéreo,Estados Unidos da América,,Washington,Brasil,Minas Gerais,Belo Horizonte,Sem informação,Sem informação,Sem informação,Sem informação,Sem informação,Sem informação,"3729,59","0,00",20/09/2023,16:40
19263369,000012/24,Aéreo,Peru,,Lima,Brasil,Rio de Janeiro,Rio de Janeiro,Sem informação,Sem informação,Sem informação,Sem informação,Sem informação,Sem informação,"4552,54","0,00",20/09/2023,16:28
19263464,000014/24,Aéreo,Peru,,Lima,Brasil,Rio de Janeiro,Rio de Janeiro,Sem informação,Sem informação,Sem informação,Sem informação,Sem informação,Sem informação,"4552,25","0,00",20/09/2023,16:32
19263558,000013/24,Aéreo,Peru,,Lima,Brasil,Rio de Janeiro,Rio de Janeiro,Sem informação,Sem informação,Sem informação,Sem informação,Sem informação,Sem informação,"4552,25","0,00",20/09/2023,16:25
19271367,000016/24-2C,Aéreo,Brasil,Distrito Federal,Brasília,China,,Hangzhou,China,,Hangzhou,Brasil,Distrito Federal,Brasília,"16763,00","0,00",19/12/2023,17:21
19283045,000015/24,Aéreo,Bolívia,,La Paz,Brasil,Rio Grande do Sul,Porto Alegre,Sem informação,Sem informação,Sem informação,Sem informação,Sem informação,Sem informação,"2344,85","0,00",17/10/2023,08:37
19292022,000019/24,Aéreo,Brasil,Paraná,Foz do Iguaçu,Brasil,Distrito Federal,Brasília,Sem informação,Sem informação,Sem informação,Sem informação,Sem informação,Sem informação,"602,65","0,00",11/10/2023,21:34
19292144,000020/24,Aéreo,Brasil,Paraná,Foz do Iguaçu,Brasil,Distrito Federal,Brasília,Sem informação,Sem informação,Sem informação,Sem informação,Sem informação,Sem informação,"602,65","0,00",11/10/2023,16:25
19318138,000016/24,Aéreo,Estados Unidos da América,,Nova York,Brasil,Ceará,Fortaleza,Sem informação,Sem informação,Sem informação,Sem informação,Sem informação,Sem informação,"3676,83","0,00",09/10/2023,18:33
19318174,000017/24,Aéreo,Estados Unidos da América,,Nova York,Brasil,Ceará,Fortaleza,Sem informação,Sem informação,Sem informação,Sem informação,Sem informação,Sem informação,"3676,83","0,00",09/10/2023,18:30
19319024,000018/24,Aéreo,França,,Marseille,Brasil,Rio de Janeiro,Rio de Janeiro,Sem informação,Sem informação,Sem informação,Sem informação,Sem informação,Sem informação,"4941,71","0,00",17/10/2023,08:43
19327561,000001/24,Aéreo,Brasil,São Paulo,São Paulo,Brasil,Distrito Federal,Brasília,Sem informação,Sem informação,Sem informação,Sem informação,Sem informação,Sem informação,"1921,16","0,00",25/09/2023,16:43
19327561,000001/24,Aéreo,Guiné-Equatorial,,Malabo,Brasil,São Paulo,São Paulo,Sem informação,Sem informação,Sem informação,Sem informação,Sem informação,Sem informação,"13582,61","0,00",25/09/2023,16:43
19327561,000001/24,Aéreo,Brasil,São Paulo,São Paulo,Guiné-Equatorial,,Malabo,Sem informação,Sem informação,Sem informação,Sem informação,Sem informação,Sem informação,"4,91","0,00",25/09/2023,16:43
19327561,000001/24,Aéreo,Brasil,Distrito Federal,Brasília,Brasil,São Paulo,São Paulo,Sem informação,Sem informação,Sem informação,Sem informação,Sem informação,Sem informação,"1,00","0,00",25/09/2023,16:43
19333892,000009/24-1C,Aéreo,Brasil,Santa Catarina,Florianópolis,Espanha,,Madri,Sem informação,Sem informação,Sem informação,Sem informação,Sem informação,Sem informação,"3543,82","0,00",16/11/2023,11:03
19333892,000009/24-1C,Aéreo,Espanha,,Madri,Brasil,Santa Catarina,Florianópolis,Sem informação,Sem informação,Sem informação,Sem informação,Sem informação,Sem informação,"3543,82","0,00",16/11/2023,11:02
19334971,000001/24-1C,Aéreo,Brasil,Distrito Federal,Brasília,Brasil,Santa Catarina,Jaguaruna,Brasil,Santa Catarina,Jaguaruna,Brasil,Distrito Federal,Brasília,"1827,40","0,00",13/11/2023,11:35
19340103,000022/24,Aéreo,Alemanha,,Hamburgo,Brasil,Rio de Janeiro,Rio de Janeiro,Sem informação,Sem informação,Sem informação,Sem informação,Sem informação,Sem informação,"4741,36","0,00",06/10/2023,15:50
19340300,000021/24,Aéreo,Alemanha,,Hamburgo,Brasil,Rio de Janeiro,Rio de Janeiro,Sem informação,Sem informação,Sem informação,Sem informação,Sem informação,Sem informação,"4741,36","0,00",06/10/2023,15:54
19341072,000025/24,Aéreo,Alemanha,,Munique,Brasil,Distrito Federal,Brasília,Sem informação,Sem informação,Sem informação,Sem informação,Sem informação,Sem informação,"5556,36","0,00",23/10/2023,18:41
19341178,000023/24,Aéreo,Alemanha,,Munique,Brasil,Distrito Federal,Brasília,Sem informação,Sem informação,Sem informação,Sem informação,Sem informação,Sem informação,"4769,49","0,00",23/10/2023,18:50
19341294,000003/24-1C,Aéreo,Brasil,Distrito Federal,Brasília,Rússia,,São Petersburgo,Rússia,,São Petersburgo,Brasil,Distrito Federal,Brasília,"16827,44","0,00",12/12/2023,12:56
19343149,000012/24,Aéreo,Brasil,Bahia,Salvador,Brasil,Santa Catarina,Florianópolis,Sem informação,Sem informação,Sem informação,Sem informação,Sem informação,Sem informação,"635,90","0,00",20/11/2023,18:57
19343149,000012/24,Aéreo,Brasil,Santa Catarina,Florianópolis,Brasil,Bahia,Salvador,Sem informação,Sem informação,Sem informação,Sem informação,Sem informação,Sem informação,"642,21","0,00",20/11/2023,18:56
19343193,000024/24,Aéreo,Alemanha,,Munique,Brasil,Distrito Federal,Brasília,Sem informação,Sem informação,Sem informação,Sem informação,Sem informação,Sem informação,"5556,36","0,00",23/10/2023,18:44
19343637,000029/24,Aéreo,Alemanha,,Hamburgo,Brasil,Rio de Janeiro,Rio de Janeiro,Sem informação,Sem informação,Sem informação,Sem informação,Sem informação,Sem informação,"4836,87","0,00",04/10/2023,17:05
19343760,000028/24,Aéreo,Alemanha,,Hamburgo,Brasil,Rio de Janeiro,Rio de Janeiro,Sem informação,Sem informação,Sem informação,Sem informação,Sem informação,Sem informação,"4836,87","0,00",04/10/2023,17:11
19343845,000027/24,Aéreo,Alemanha,,Hamburgo,Brasil,Rio de Janeiro,Rio de Janeiro,Sem informação,Sem informação,Sem informação,Sem informação,Sem informação,Sem informação,"3842,57","0,00",04/10/2023,17:19
19343973,000026/24,Aéreo,Alemanha,,Hamburgo,Brasil,Rio de Janeiro,Rio de Janeiro,Sem informação,Sem informação,Sem informação,Sem informação,Sem informação,Sem informação,"3842,57","0,00",04/10/2023,17:15
19352985,000037/24,Aéreo,Alemanha,,Colônia - Renânia do Norte,Brasil,Paraná,Curitiba,Sem informação,Sem informação,Sem informação,Sem informação,Sem informação,Sem informação,"7574,43","0,00",05/10/2023,15:19
19353078,000036/24,Aéreo,Alemanha,,Colônia - Renânia do Norte,Brasil,Paraná,Curitiba,Sem informação,Sem informação,Sem informação,Sem informação,Sem informação,Sem informação,"7574,43","0,00",05/10/2023,15:21
19353159,000034/24,Aéreo,Alemanha,,Colônia - Renânia do Norte,Brasil,Paraná,Curitiba,Sem informação,Sem informação,Sem informação,Sem informação,Sem informação,Sem informação,"7574,43","0,00",05/10/2023,15:25
19353243,000035/24,Aéreo,Alemanha,,Colônia - Renânia do Norte,Brasil,Paraná,Curitiba,Sem informação,Sem informação,Sem informação,Sem informação,Sem informação,Sem informação,"6224,44","0,00",05/10/2023,15:28
19354451,000001/24-1C,Aéreo,Brasil,Paraná,Curitiba,Brasil,Pernambuco,Recife,Sem informação,Sem informação,Sem informação,Sem informação,Sem informação,Sem informação,"1258,79","0,00",06/10/2023,11:55
19354451,000001/24-1C,Aéreo,Brasil,Pernambuco,Recife,Brasil,Paraná,Curitiba,Sem informação,Sem informação,Sem informação,Sem informação,Sem informação,Sem informação,"679,54","0,00",06/10/2023,11:55
19354920,000041/24,Aéreo,França,,Marseille,Brasil,Distrito Federal,Brasília,Sem informação,Sem informação,Sem informação,Sem informação,Sem informação,Sem informação,"6907,38","0,00",17/10/2023,08:23
19355026,000040/24,Aéreo,França,,Marseille,Brasil,Distrito Federal,Brasília,Sem informação,Sem informação,Sem informação,Sem informação,Sem informação,Sem informação,"6907,38","0,00",17/10/2023,08:27
19355122,000039/24,Aéreo,França,,Marseille,Brasil,Distrito Federal,Brasília,Sem informação,Sem informação,Sem informação,Sem informação,Sem informação,Sem informação,"6907,38","0,00",17/10/2023,08:30
19355148,000030/24-1C,Aéreo,Brasil,Distrito Federal,Brasília,Brasil,Rio de Janeiro,Rio de Janeiro,Sem informação,Sem informação,Sem informação,Sem informação,Sem informação,Sem informação,"1470,83","0,00",02/10/2023,15:51
19355148,000030/24-1C,Aéreo,Brasil,Rio de Janeiro,Rio de Janeiro,Brasil,Distrito Federal,Brasília,Sem informação,Sem informação,Sem informação,Sem informação,Sem informação,Sem informação,"740,59","0,00",02/10/2023,15:51
19355199,000038/24,Aéreo,França,,Marseille,Brasil,Distrito Federal,Brasília,Sem informação,Sem informação,Sem informação,Sem informação,Sem informação,Sem informação,"6907,38","0,00",17/10/2023,08:33
19355246,000031/24-1C,Aéreo,Brasil,Distrito Federal,Brasília,Brasil,Rio de Janeiro,Rio de Janeiro,Sem informação,Sem informação,Sem informação,Sem informação,Sem informação,Sem informação,"727,81","0,00",02/10/2023,18:16
19355246,000031/24-1C,Aéreo,Brasil,Rio de Janeiro,Rio de Janeiro,Brasil,Distrito Federal,Brasília,Sem informação,Sem informação,Sem informação,Sem informação,Sem informação,Sem informação,"837,59","0,00",02/10/2023,18:16
19355354,000032/24-1C,Aéreo,Brasil,Rio de Janeiro,Rio de Janeiro,Brasil,Distrito Federal,Brasília,Sem informação,Sem informação,Sem informação,Sem informação,Sem informação,Sem informação,"487,42","0,00",03/10/2023,10:34
19355467,000033/24-1C,Aéreo,Brasil,Distrito Federal,Brasília,Brasil,Rio de Janeiro,Rio de Janeiro,Sem informação,Sem informação,Sem informação,Sem informação,Sem informação,Sem informação,"848,21","0,00",03/10/2023,13:05
19358162,000001/24,Aéreo,Brasil,Rio Grande do Sul,Porto Alegre,Brasil,Minas Gerais,Belo Horizonte,Sem informação,Sem informação,Sem informação,Sem informação,Sem informação,Sem informação,"770,14","0,00",20/11/2023,12:11
19358162,000001/24,Aéreo,Brasil,Minas Gerais,Belo Horizonte,Brasil,Rio Grande do Sul,Pelotas,Sem informação,Sem informação,Sem informação,Sem informação,Sem informação,Sem informação,"350,30","0,00",20/11/2023,12:11
19360481,000046/24,Aéreo,Uruguai,,Montevidéu,Brasil,Distrito Federal,Brasília,Sem informação,Sem informação,Sem informação,Sem informação,Sem informação,Sem informação,"1846,43","0,00",20/10/2023,14:26
19360522,000045/24,Aéreo,Uruguai,,Montevidéu,Brasil,Distrito Federal,Brasília,Sem informação,Sem informação,Sem informação,Sem informação,Sem informação,Sem informação,"1846,43","0,00",20/10/2023,14:29
19360549,000044/24,Aéreo,Uruguai,,Montevidéu,Brasil,Distrito Federal,Brasília,Sem informação,Sem informação,Sem informação,Sem informação,Sem informação,Sem informação,"1846,43","0,00",20/10/2023,14:31
19360619,000043/24,Aéreo,Uruguai,,Montevidéu,Brasil,Distrito Federal,Brasília,Sem informação,Sem informação,Sem informação,Sem informação,Sem informação,Sem informação,"1846,43","0,00",20/10/2023,14:33
19362342,000002/24-1C,Aéreo,Brasil,Distrito Federal,Brasília,França,,Paris,Sem informação,Sem informação,Sem informação,Sem informação,Sem informação,Sem informação,"4701,75","5,90",06/10/2023,18:02
19366499,000001/24,Aéreo,Brasil,São Paulo,Guarulhos,Itália,,Gênova,Sem informação,Sem informação,Sem informação,Sem informação,Sem informação,Sem informação,"3826,66","0,00",14/12/2023,14:48
19366499,000001/24,Aéreo,Itália,,Gênova,Brasil,São Paulo,Guarulhos,Sem informação,Sem informação,Sem informação,Sem informação,Sem informação,Sem informação,"3826,66","0,00",14/12/2023,14:48
19370341,000094/24,Aéreo,Paraguai,,Assunção,Brasil,Distrito Federal,Brasília,Sem informação,Sem informação,Sem informação,Sem informação,Sem informação,Sem informação,"1688,26","0,00",19/10/2023,18:24
19370395,000093/24,Aéreo,Paraguai,,Assunção,Brasil,Distrito Federal,Brasília,Sem informação,Sem informação,Sem informação,Sem informação,Sem informação,Sem informação,"1688,26","0,00",19/10/2023,18:26
19370445,000092/24,Aéreo,Paraguai,,Assunção,Brasil,Distrito Federal,Brasília,Sem informação,Sem informação,Sem informação,Sem informação,Sem informação,Sem informação,"141,59","0,00",19/10/2023,18:28
19374318,000066/24,Aéreo,Estados Unidos da América,,Washington,Brasil,São Paulo,Guarulhos,Sem informação,Sem informação,Sem informação,Sem informação,Sem informação,Sem informação,"7702,52","0,00",19/10/2023,18:37
19374401,000065/24,Aéreo,Estados Unidos da América,,Washington,Brasil,São Paulo,Guarulhos,Sem informação,Sem informação,Sem informação,Sem informação,Sem informação,Sem informação,"7702,52","0,00",19/10/2023,18:39
19374470,000064/24,Aéreo,Estados Unidos da América,,Washington,Brasil,São Paulo,Guarulhos,Sem informação,Sem informação,Sem informação,Sem informação,Sem informação,Sem informação,"888,48","0,00",19/10/2023,18:42
19376925,000014/24,Aéreo,Itália,,Roma,Brasil,Rio Grande do Sul,Porto Alegre,Sem informação,Sem informação,Sem informação,Sem informação,Sem informação,Sem informação,"4331,08","0,00",27/10/2023,13:02
19377206,000002/24,Aéreo,Rússia,,Moscou,Brasil,Distrito Federal,Brasília,Sem informação,Sem informação,Sem informação,Sem informação,Sem informação,Sem informação,"11336,43","0,00",19/12/2023,15:50
19377215,000003/24,Aéreo,Peru,,Lima,Brasil,Distrito Federal,Brasília,Sem informação,Sem informação,Sem informação,Sem informação,Sem informação,Sem informação,"1963,43","0,00",27/10/2023,11:45
19377292,000004/24,Aéreo,Peru,,Lima,Brasil,Distrito Federal,Brasília,Sem informação,Sem informação,Sem informação,Sem informação,Sem informação,Sem informação,"1963,43","0,00",27/10/2023,11:48
19377314,000001/24,Aéreo,Rússia,,Moscou,Brasil,Distrito Federal,Brasília,Sem informação,Sem informação,Sem informação,Sem informação,Sem informação,Sem informação,"11336,43","0,00",19/12/2023,16:09
19377424,000005/24,Aéreo,Peru,,Lima,Brasil,Distrito Federal,Brasília,Sem informação,Sem informação,Sem informação,Sem informação,Sem informação,Sem informação,"1962,65","0,00",27/10/2023,11:51
19377472,000008/24,Aéreo,China,,Pequim,Brasil,Distrito Federal,Brasília,Sem informação,Sem informação,Sem informação,Sem informação,Sem informação,Sem informação,"8971,15","0,00",27/10/2023,11:32
19377571,000009/24,Aéreo,China,,Pequim,Brasil,Distrito Federal,Brasília,Sem informação,Sem informação,Sem informação,Sem informação,Sem informação,Sem informação,"8971,15","0,00",27/10/2023,11:36
19377656,000010/24,Aéreo,China,,Pequim,Brasil,Distrito Federal,Brasília,Sem informação,Sem informação,Sem informação,Sem informação,Sem informação,Sem informação,"8971,15","0,00",27/10/2023,11:40
19377725,000006/24,Aéreo,Reino Unido,,Londres,Brasil,São Paulo,São Paulo,Sem informação,Sem informação,Sem informação,Sem informação,Sem informação,Sem informação,"4220,65","0,00",27/10/2023,11:18
19377791,000007/24,Aéreo,Reino Unido,,Londres,Brasil,São Paulo,São Paulo,Sem informação,Sem informação,Sem informação,Sem informação,Sem informação,Sem informação,"4220,60","0,00",27/10/2023,11:25
19377832,000013/24,Aéreo,Itália,,Roma,Brasil,Rio Grande do Sul,Porto Alegre,Sem informação,Sem informação,Sem informação,Sem informação,Sem informação,Sem informação,"3051,20","0,00",27/10/2023,11:56
19377958,000016/24,Aéreo,Itália,,Roma,Brasil,Rio Grande do Sul,Porto Alegre,Sem informação,Sem informação,Sem informação,Sem informação,Sem informação,Sem informação,"3475,99","0,00",27/10/2023,13:03
19377979,000015/24,Aéreo,Itália,,Roma,Brasil,Rio Grande do Sul,Porto Alegre,Sem informação,Sem informação,Sem informação,Sem informação,Sem informação,Sem informação,"3475,99","0,00",27/10/2023,13:14
19378400,000011/24,Aéreo,Bélgica,,Bruxelas,Brasil,Rio Grande do Sul,Porto Alegre,Sem informação,Sem informação,Sem informação,Sem informação,Sem informação,Sem informação,"5106,26","0,00",27/10/2023,13:13
19379923,000049/24,Aéreo,Brasil,Distrito Federal,Brasília,Estados Unidos da América,,Corning - Nova Iorque,Sem informação,Sem informação,Sem informação,Sem informação,Sem informação,Sem informação,"3653,78","0,00",22/11/2023,20:06
19379923,000049/24,Aéreo,Estados Unidos da América,,Filadelfia - Pensilvânia,Brasil,Distrito Federal,Brasília,Sem informação,Sem informação,Sem informação,Sem informação,Sem informação,Sem informação,"3653,78","0,00",22/11/2023,20:06
19380149,000050/24,Aéreo,Brasil,Distrito Federal,Brasília,Estados Unidos da América,,Corning - Nova Iorque,Sem informação,Sem informação,Sem informação,Sem informação,Sem informação,Sem informação,"4058,00","0,00",22/11/2023,20:26
19380149,000050/24,Aéreo,Estados Unidos da América,,Filadelfia - Pensilvânia,Brasil,Distrito Federal,Brasília,Sem informação,Sem informação,Sem informação,Sem informação,Sem informação,Sem informação,"4058,00","0,00",22/11/2023,20:26
19380823,000005/24,Aéreo,Brasil,Distrito Federal,Brasília,Brasil,Rio de Janeiro,Rio de Janeiro,Sem informação,Sem informação,Sem informação,Sem informação,Sem informação,Sem informação,"427,11","0,00",01/11/2023,11:09
19380823,000005/24,Aéreo,Brasil,Rio de Janeiro,Rio de Janeiro,Brasil,Distrito Federal,Brasília,Sem informação,Sem informação,Sem informação,Sem informação,Sem informação,Sem informação,"297,78","1,14",01/11/2023,11:09
19381545,000047/24,Aéreo,Brasil,Distrito Federal,Brasília,Estados Unidos da América,,Corning - Nova Iorque,Sem informação,Sem informação,Sem informação,Sem informação,Sem informação,Sem informação,"3906,42","0,00",23/11/2023,13:40
19381545,000047/24,Aéreo,Estados Unidos da América,,Filadelfia - Pensilvânia,Brasil,Distrito Federal,Brasília,Sem informação,Sem informação,Sem informação,Sem informação,Sem informação,Sem informação,"3906,42","0,00",23/11/2023,13:40
19381650,000042/24,Aéreo,Brasil,Pará,Belém,Brasil,Distrito Federal,Brasília,Brasil,Distrito Federal,Brasília,Brasil,Pará,Belém,"2436,30","0,02",11/10/2023,16:10
19384831,000012/24,Aéreo,Bélgica,,Bruxelas,Brasil,Rio Grande do Sul,Porto Alegre,Sem informação,Sem informação,Sem informação,Sem informação,Sem informação,Sem informação,"5106,31","0,00",27/10/2023,13:15
19391742,000006/24,Aéreo,Panamá,,Cidade do Panamá,Brasil,Rio de Janeiro,Rio de Janeiro,Sem informação,Sem informação,Sem informação,Sem informação,Sem informação,Sem informação,"1717,18","0,00",08/12/2023,09:49
19391742,000006/24,Aéreo,Brasil,Rio de Janeiro,Rio de Janeiro,Panamá,,Cidade do Panamá,Sem informação,Sem informação,Sem informação,Sem informação,Sem informação,Sem informação,"1717,18","0,00",08/12/2023,09:49
19392547,000083/24,Aéreo,Brasil,Distrito Federal,Brasília,Estados Unidos da América,,Corning - Nova Iorque,Sem informação,Sem informação,Sem informação,Sem informação,Sem informação,Sem informação,"3653,78","0,00",22/11/2023,20:22
19392547,000083/24,Aéreo,Estados Unidos da América,,Filadelfia - Pensilvânia,Brasil,Distrito Federal,Brasília,Sem informação,Sem informação,Sem informação,Sem informação,Sem informação,Sem informação,"3653,78","0,00",22/11/2023,20:22
19392719,000048/24-1C,Aéreo,Brasil,Distrito Federal,Brasília,Estados Unidos da América,,Corning - Nova Iorque,Sem informação,Sem informação,Sem informação,Sem informação,Sem informação,Sem informação,"3653,78","0,00",22/11/2023,19:54
19392719,000048/24-1C,Aéreo,Estados Unidos da América,,Filadelfia - Pensilvânia,Brasil,Distrito Federal,Brasília,Sem informação,Sem informação,Sem informação,Sem informação,Sem informação,Sem informação,"3653,78","0,00",22/11/2023,19:54
19399169,000002/24,Aéreo,Brasil,Paraná,Curitiba,Brasil,Rio de Janeiro,Rio de Janeiro,Brasil,Rio de Janeiro,Rio de Janeiro,Brasil,Paraná,Curitiba,"682,58","0,00",18/10/2023,09:56
19399261,000004/24-1C,Aéreo,Brasil,Paraná,Curitiba,Brasil,Rondônia,Porto Velho,Sem informação,Sem informação,Sem informação,Sem informação,Sem informação,Sem informação,"2716,79","0,00",18/10/2023,15:19
19399261,000004/24-1C,Aéreo,Brasil,Rondônia,Porto Velho,Brasil,Paraná,Curitiba,Sem informação,Sem informação,Sem informação,Sem informação,Sem informação,Sem informação,"1414,41","0,00",18/10/2023,15:19
19400155,000017/24,Aéreo,Bélgica,,Bruxelas,Brasil,Rio Grande do Sul,Porto Alegre,Sem informação,Sem informação,Sem informação,Sem informação,Sem informação,Sem informação,"5106,31","0,00",27/10/2023,13:12
19400534,000067/24,Aéreo,Brasil,Amazonas,Manaus,Brasil,Distrito Federal,Brasília,Sem informação,Sem informação,Sem informação,Sem informação,Sem informação,Sem informação,"1065,02","0,00",30/10/2023,12:55
19402634,000009/24,Aéreo,Brasil,Rio de Janeiro,Rio de Janeiro,Brasil,São Paulo,São Paulo,Sem informação,Sem informação,Sem informação,Sem informação,Sem informação,Sem informação,"316,59","42,29",22/11/2023,12:25
19402634,000009/24,Aéreo,Brasil,São Paulo,São Paulo,Brasil,Rio de Janeiro,Rio de Janeiro,Sem informação,Sem informação,Sem informação,Sem informação,Sem informação,Sem informação,"314,98","51,98",22/11/2023,12:25
19403070,000070/24,Aéreo,Brasil,Pernambuco,Recife,Brasil,Distrito Federal,Brasília,Sem informação,Sem informação,Sem informação,Sem informação,Sem informação,Sem informação,"644,43","52,74",10/11/2023,16:31
19407005,000003/24-1C,Rodoviário,Brasil,Paraná,Maringá,Brasil,Paraná,Curitiba,Sem informação,Sem informação,Sem informação,Sem informação,Sem informação,Sem informação,"502,60","0,00",18/10/2023,14:59
19407005,000003/24-1C,Rodoviário,Brasil,Paraná,Curitiba,Brasil,Paraná,Maringá,Sem informação,Sem informação,Sem informação,Sem informação,Sem informação,Sem informação,"504,90","0,00",18/10/2023,14:59
19407262,000075/24,Aéreo,Colômbia,,Bogotá,Brasil,Minas Gerais,Uberlândia,Sem informação,Sem informação,Sem informação,Sem informação,Sem informação,Sem informação,"6207,98","0,00",14/11/2023,18:48
19407454,000074/24,Aéreo,Colômbia,,Bogotá,Brasil,Minas Gerais,Uberlândia,Sem informação,Sem informação,Sem informação,Sem informação,Sem informação,Sem informação,"6207,98","0,00",14/11/2023,18:50
19407601,000073/24,Aéreo,Colômbia,,Bogotá,Brasil,Minas Gerais,Uberlândia,Sem informação,Sem informação,Sem informação,Sem informação,Sem informação,Sem informação,"6207,98","0,00",14/11/2023,18:52
19407618,000004/24-1C,Aéreo,Espanha,,Barcelona,Brasil,Paraná,Londrina,Sem informação,Sem informação,Sem informação,Sem informação,Sem informação,Sem informação,"297,53","0,00",15/12/2023,17:58
19407618,000004/24-1C,Aéreo,Brasil,Paraná,Londrina,China,,Xangai,Sem informação,Sem informação,Sem informação,Sem informação,Sem informação,Sem informação,"19504,72","0,00",15/12/2023,17:58
19407618,000004/24-1C,Aéreo,China,,Xangai,China,,Jinan - Shandong,Sem informação,Sem informação,Sem informação,Sem informação,Sem informação,Sem informação,"1534,69","0,00",08/01/2024,20:21
19407618,000004/24-1C,Aéreo,China,,Jinan - Shandong,China,,Wuhan,Sem informação,Sem informação,Sem informação,Sem informação,Sem informação,Sem informação,"1494,03","0,00",08/01/2024,20:21
19407618,000004/24-1C,Aéreo,China,,Wuhan,Espanha,,Barcelona,Sem informação,Sem informação,Sem informação,Sem informação,Sem informação,Sem informação,"587,57","3814,94",08/01/2024,20:21
19407618,000004/24-1C,Aéreo,China,,Xangai,China,,Tianjin,Sem informação,Sem informação,Sem informação,Sem informação,Sem informação,Sem informação,"2528,58","0,00",15/12/2023,17:58
19407618,000004/24-1C,Aéreo,China,,Tianjin,China,,Chengdu,Sem informação,Sem informação,Sem informação,Sem informação,Sem informação,Sem informação,"7845,99","0,00",15/12/2023,17:58
19409017,000068/24,Aéreo,Brasil,Distrito Federal,Brasília,Brasil,Amazonas,Manaus,Sem informação,Sem informação,Sem informação,Sem informação,Sem informação,Sem informação,"1287,51","0,00",31/10/2023,11:35
19409312,000071/24,Aéreo,Brasil,Distrito Federal,Brasília,Brasil,Pernambuco,Recife,Sem informação,Sem informação,Sem informação,Sem informação,Sem informação,Sem informação,"621,20","0,00",10/11/2023,16:28
19409780,000076/24,Aéreo,Brasil,Rio Grande do Sul,Porto Alegre,Brasil,Distrito Federal,Brasília,Sem informação,Sem informação,Sem informação,Sem informação,Sem informação,Sem informação,"1155,28","0,01",31/10/2023,09:56
19409875,000081/24,Aéreo,El Salvador,,San Salvador,Brasil,Distrito Federal,Brasília,Sem informação,Sem informação,Sem informação,Sem informação,Sem informação,Sem informação,"6175,29","0,00",18/12/2023,15:04
19409939,000028/24,Aéreo,Brasil,Distrito Federal,Brasília,Reino Unido,,Londres,Sem informação,Sem informação,Sem informação,Sem informação,Sem informação,Sem informação,"4949,17","0,00",06/12/2023,20:22
19410045,000080/24-1C,Aéreo,El Salvador,,San Salvador,Brasil,Distrito Federal,Brasília,Sem informação,Sem informação,Sem informação,Sem informação,Sem informação,Sem informação,"11314,72","0,00",22/01/2024,11:58
19410045,000080/24-1C,Aéreo,El Salvador,,San Salvador,Brasil,Distrito Federal,Brasília,Sem informação,Sem informação,Sem informação,Sem informação,Sem informação,Sem informação,"5667,21","0,00",15/12/2023,11:37
19410134,000079/24-1C,Aéreo,El Salvador,,San Salvador,Brasil,Distrito Federal,Brasília,Sem informação,Sem informação,Sem informação,Sem informação,Sem informação,Sem informação,"4094,27","0,00",15/12/2023,11:41
19410134,000079/24-1C,Aéreo,El Salvador,,San Salvador,Brasil,Distrito Federal,Brasília,Sem informação,Sem informação,Sem informação,Sem informação,Sem informação,Sem informação,"8579,28","0,00",22/01/2024,12:00
19410187,000077/24,Aéreo,Brasil,Rio Grande do Sul,Porto Alegre,Brasil,Distrito Federal,Brasília,Sem informação,Sem informação,Sem informação,Sem informação,Sem informação,Sem informação,"1155,28","0,01",23/10/2023,14:27
19410495,000022/24,Aéreo,Brasil,Rio de Janeiro,Rio de Janeiro,Estados Unidos da América,,Washington,Sem informação,Sem informação,Sem informação,Sem informação,Sem informação,Sem informação,"4814,19","0,00",06/12/2023,20:13
19410609,000078/24,Aéreo,Brasil,Distrito Federal,Brasília,Brasil,Rio Grande do Sul,Porto Alegre,Sem informação,Sem informação,Sem informação,Sem informação,Sem informação,Sem informação,"800,21","0,01",31/10/2023,10:05
19410984,000082/24,Aéreo,Brasil,Distrito Federal,Brasília,Brasil,Rio Grande do Sul,Porto Alegre,Sem informação,Sem informação,Sem informação,Sem informação,Sem informação,Sem informação,"800,21","0,01",31/10/2023,10:05
19413103,000085/24,Aéreo,Estados Unidos da América,,Washington,Brasil,Distrito Federal,Brasília,Sem informação,Sem informação,Sem informação,Sem informação,Sem informação,Sem informação,"5225,63","0,00",25/10/2023,17:38
19413163,000084/24,Aéreo,Estados Unidos da América,,Washington,Brasil,Distrito Federal,Brasília,Sem informação,Sem informação,Sem informação,Sem informação,Sem informação,Sem informação,"5225,63","0,00",25/10/2023,17:41
19416440,000086/24,Aéreo,Estados Unidos da América,,Orlando,Brasil,São Paulo,São Paulo,Sem informação,Sem informação,Sem informação,Sem informação,Sem informação,Sem informação,"5191,02","0,00",13/12/2023,14:39
19416507,000009/24-1C,Aéreo,Brasil,Distrito Federal,Brasília,Índia,,Vadodara,Índia,,Vadodara,Brasil,Distrito Federal,Brasília,"12019,45","0,00",28/12/2023,19:55
19416882,000087/24,Aéreo,Estados Unidos da América,,Washington,Brasil,Pernambuco,Recife,Sem informação,Sem informação,Sem informação,Sem informação,Sem informação,Sem informação,"5363,25","0,00",13/12/2023,11:35
19417525,000091/24,Aéreo,Estados Unidos da América,,Jackson - Mississipi,Brasil,Rio de Janeiro,Rio de Janeiro,Sem informação,Sem informação,Sem informação,Sem informação,Sem informação,Sem informação,"5239,24","0,00",07/11/2023,11:59
19417770,000090/24,Aéreo,Estados Unidos da América,,Jackson - Mississipi,Brasil,Rio de Janeiro,Rio de Janeiro,Sem informação,Sem informação,Sem informação,Sem informação,Sem informação,Sem informação,"5239,24","0,00",07/11/2023,12:03
19417804,000019/24,Aéreo,Brasil,Distrito Federal,Brasília,Bélgica,,Bruxelas,Sem informação,Sem informação,Sem informação,Sem informação,Sem informação,Sem informação,"5594,43","0,00",06/12/2023,20:34
19417816,000089/24,Aéreo,Estados Unidos da América,,Jackson - Mississipi,Brasil,Rio de Janeiro,Rio de Janeiro,Sem informação,Sem informação,Sem informação,Sem informação,Sem informação,Sem informação,"5239,24","0,00",07/11/2023,12:06
19417857,000088/24,Aéreo,Estados Unidos da América,,Jackson - Mississipi,Brasil,Rio de Janeiro,Rio de Janeiro,Sem informação,Sem informação,Sem informação,Sem informação,Sem informação,Sem informação,"5239,24","0,00",07/11/2023,12:08
19418643,000004/24,Aéreo,Brasil,Distrito Federal,Brasília,Brasil,Rio Grande do Sul,Porto Alegre,Sem informação,Sem informação,Sem informação,Sem informação,Sem informação,Sem informação,"822,98","0,00",27/10/2023,15:07
19418643,000004/24,Aéreo,Brasil,Rio Grande do Sul,Porto Alegre,Brasil,Distrito Federal,Brasília,Sem informação,Sem informação,Sem informação,Sem informação,Sem informação,Sem informação,"870,24","1,14",27/10/2023,15:07
19418850,000005/24-2C,Aéreo,Brasil,Distrito Federal,Brasília,Índia,,Ahmedabad,Índia,,Ahmedabad,Brasil,Distrito Federal,Brasília,"11601,72","0,00",19/12/2023,17:24
19419864,000020/24,Aéreo,Brasil,Distrito Federal,Brasília,Bélgica,,Bruxelas,Sem informação,Sem informação,Sem informação,Sem informação,Sem informação,Sem informação,"5594,43","0,00",07/12/2023,18:02
19419913,000002/24-1C,Aéreo,Brasil,Rio de Janeiro,Rio de Janeiro,Nova Zelândia,,Wellington,Nova Zelândia,,Wellington,Brasil,Rio de Janeiro,Rio de Janeiro,"22701,68","0,00",08/11/2023,20:00
19419970,000095/24,Aéreo,França,,Paris,Brasil,Distrito Federal,Brasília,Sem informação,Sem informação,Sem informação,Sem informação,Sem informação,Sem informação,"5219,34","0,00",15/12/2023,10:38
19420065,000021/24,Aéreo,Brasil,Distrito Federal,Brasília,Bélgica,,Bruxelas,Sem informação,Sem informação,Sem informação,Sem informação,Sem informação,Sem informação,"4406,58","0,00",06/12/2023,20:45
19420351,000025/24,Aéreo,Brasil,Distrito Federal,Brasília,Itália,,Roma,Sem informação,Sem informação,Sem informação,Sem informação,Sem informação,Sem informação,"3763,43","0,00",07/12/2023,14:04
19420431,000026/24,Aéreo,Brasil,Distrito Federal,Brasília,Itália,,Roma,Sem informação,Sem informação,Sem informação,Sem informação,Sem informação,Sem informação,"3763,43","0,00",11/12/2023,16:08
19420828,000100/24,Aéreo,Estados Unidos da América,,Washington,Brasil,Pernambuco,Recife,Sem informação,Sem informação,Sem informação,Sem informação,Sem informação,Sem informação,"7671,63","0,00",25/10/2023,07:33
19421209,000104/24,Aéreo,Equador,,Quito,Brasil,Mato Grosso do Sul,Campo Grande,Sem informação,Sem informação,Sem informação,Sem informação,Sem informação,Sem informação,"3640,53","0,00",04/12/2023,17:14
19421295,000103/24,Aéreo,Equador,,Quito,Brasil,Mato Grosso do Sul,Campo Grande,Sem informação,Sem informação,Sem informação,Sem informação,Sem informação,Sem informação,"3640,53","0,00",04/12/2023,17:16
19421345,000027/24,Aéreo,Brasil,Distrito Federal,Brasília,Itália,,Roma,Sem informação,Sem informação,Sem informação,Sem informação,Sem informação,Sem informação,"2989,95","0,00",07/12/2023,13:41
19421385,000102/24,Aéreo,Equador,,Quito,Brasil,Mato Grosso do Sul,Campo Grande,Sem informação,Sem informação,Sem informação,Sem informação,Sem informação,Sem informação,"3640,53","0,00",04/12/2023,17:17
19421489,000101/24,Aéreo,Equador,,Quito,Brasil,Mato Grosso do Sul,Campo Grande,Sem informação,Sem informação,Sem informação,Sem informação,Sem informação,Sem informação,"3640,53","0,00",04/12/2023,17:19
19422023,000001/24,Aéreo,Brasil,Rio de Janeiro,Rio de Janeiro,Estados Unidos da América,,Honolulu,Estados Unidos da América,,Honolulu,Brasil,Rio de Janeiro,Rio de Janeiro,"20088,15","0,00",01/12/2023,15:33
19422733,000096/24-1C,Aéreo,Brasil,Amapá,Macapá,Brasil,Pará,Belém,Sem informação,Sem informação,Sem informação,Sem informação,Sem informação,Sem informação,"153,72","0,00",26/10/2023,16:35
19422733,000096/24-1C,Aéreo,Brasil,Pará,Belém,Brasil,Amapá,Macapá,Sem informação,Sem informação,Sem informação,Sem informação,Sem informação,Sem informação,"172,19","0,00",26/10/2023,16:35
19422850,000097/24-1C,Aéreo,Brasil,Pará,Belém,Brasil,Pará,Marabá,Brasil,Pará,Marabá,Brasil,Pará,Belém,"1211,02","0,00",08/11/2023,18:01
19423961,000099/24,Aéreo,Estados Unidos da América,,Washington,Brasil,Pernambuco,Recife,Sem informação,Sem informação,Sem informação,Sem informação,Sem informação,Sem informação,"7671,63","0,00",25/10/2023,07:35
19424024,000098/24,Aéreo,Estados Unidos da América,,Washington,Brasil,Pernambuco,Recife,Sem informação,Sem informação,Sem informação,Sem informação,Sem informação,Sem informação,"7671,63","0,00",25/10/2023,07:37
